train_losses	train_accuracies	val_losses	val_accuracies
1.7333173566764322	0.3285094881468551	1.4151320209855511	0.42960126154539313
1.2841577098957488	0.49839517990877863	1.1120001864771663	0.5685965307501689
0.9934768502129192	0.6370291119995495	1.1030174917292825	0.5945032665014643
0.880946004150405	0.6872008559040487	0.8185906807268275	0.7102951115116017
0.7654300741236706	0.7307843910130075	0.7747525846831942	0.7247127731471052
0.7190067989143261	0.74829663832423	0.7481651236463651	0.7343996395584591
0.6957768995426643	0.7590517484092573	0.7466199505594997	0.7346249155215139
0.7001251081262021	0.7564052029956642	0.7283674762925202	0.739806262671773
0.6638380010336515	0.7690748352947802	0.7071962134745186	0.7533228204550575
0.6642964200478388	0.7680049552339658	0.7536920763990261	0.7289930164451452
0.6351769457422429	0.7759445914747451	0.6369656041737853	0.7753998648344221
0.6185726528400249	0.7864744636522327	0.602023299305953	0.7880153187654877
0.5732282289406678	0.8022411171800214	0.6285576551420835	0.7862131110610497
0.5807043428732217	0.8008333802578974	0.6320199161452413	0.7778779004280243
0.5576609433774671	0.808378850160482	0.6407525044326499	0.7648118945708493
0.5375768184742417	0.8190213412917394	0.5418200892528239	0.8195539535931516
0.5409347056399407	0.8157553916324117	0.5584934632717475	0.8118945708492904
0.5105092220863812	0.8288754997466073	0.6376475314885599	0.7774273485019149
0.504388268023194	0.826510501717439	0.5311821817774364	0.8242847488173012
0.5247446595397415	0.816712652739456	0.5444971193572266	0.8193286776300969
0.4712707083956522	0.8381102539557408	0.5367395356918515	0.8184275737778779
0.46420692120279583	0.8424460836758827	0.6074620190706573	0.792070286100473
0.4781400750628382	0.8355200180190326	0.5380627575638219	0.8195539535931516
0.45105006352584703	0.8485275071794584	0.5288062600784404	0.8211308853345348
0.4450265855072009	0.84616250915029	0.5065833722102961	0.8301419238567245
0.40576314708658806	0.8652514218142914	0.48885291788620466	0.8339716152286551
0.44574853132803355	0.8488090545638831	0.5304329888821723	0.8249605767064654
0.4159142124930765	0.8570302381890872	0.45370335531519407	0.851543140346925
0.40431696268827355	0.8602961878484149	0.49691762181519655	0.8364496508222573
0.4053355058179701	0.8602961878484149	0.5086636676608939	0.8350979950439288
0.3777605948184241	0.8745987949771946	0.42558571616387847	0.8598783509799505
0.3616863638825483	0.8758939129455487	0.4648361257280576	0.8495156566794323
0.3689402640402884	0.8730221296244158	0.48361325815847045	0.8486145528272133
0.3793474683988349	0.8696435610113182	0.43329709649461967	0.858526695201622
0.3528798143500794	0.8770201024832479	0.4567062208770121	0.8456859653075017
0.3329142873499588	0.8858043808773016	0.4644999383711874	0.8479387249380491
0.3236146745751775	0.8864800945999212	0.4979451944441859	0.8348727190808741
0.32437603794626907	0.8843966439551777	0.45036759227346423	0.8553728317188556
0.3281911122677421	0.8831578354637085	0.4332507695330508	0.8619058346474431
0.3035894180563859	0.8928430654879216	0.4520097813458023	0.853345348051363
0.2879940901742244	0.8988118700377273	0.4151515055076043	0.8682135616129759
0.28142490005652926	0.8999380595754265	0.4423257222004263	0.8574003153863483
0.3065445213977989	0.8904217579818684	0.4319783411643129	0.8612300067582789
0.2778545147452754	0.9005011543442761	0.392603099104466	0.8702410452804685
0.2737483415183965	0.9026972239427896	0.3779854958834587	0.8760982203198918
0.2906578487591121	0.8952080635170899	0.3663960760927168	0.8806037395809867
0.24483253661123802	0.9129455487358522	0.38491487117011314	0.8783509799504393
0.25193957167774234	0.90906019483079	0.4249994916793972	0.8632574904257716
0.25215411521009823	0.9087786474463653	0.3980034064416763	0.866411353908538
0.26425253727379816	0.9056253167408075	0.3799079053639345	0.8738454606893444
0.2636529004206642	0.9041612703417985	0.3775844235467492	0.8758729443568372
0.21871304943644926	0.9212230418379413	0.34652080602891866	0.8902906059923407
0.21096960501957734	0.9233628019595698	0.3813149156092953	0.8772246001351656
0.2354558795829823	0.914691142519286	0.3862359177410992	0.878576255913494
0.25547631887160105	0.9088349569232502	0.43929027465716974	0.8574003153863483
0.2204514698164911	0.9191959006700827	0.34687260572076195	0.8909664338815049
0.21195458683843274	0.9226870882369502	0.40027383848014353	0.8628069384996621
0.24047627580401476	0.9139591193197815	0.3689110415238039	0.8815048434332057
0.18716751968137676	0.9339489836139422	0.44431562912064004	0.863708042351881
0.23134558554943285	0.916155188918295	0.36803837763374253	0.8833070511376436
0.1914932170331233	0.9299510107551101	0.32063693275763716	0.9069610272583916
0.16629708594946693	0.9390168365335886	0.33318021347002286	0.8968236089209282
0.19137568485797932	0.931583985584774	0.3606519634510435	0.8900653300292859
0.20716017685875485	0.9238132777746495	0.3689405950481598	0.8875872944356837
0.17616673884302372	0.9371586237963849	0.3435001334284146	0.8988510925884208
0.18665978526456903	0.9325412466918183	0.41693657306997484	0.8706915972065781
0.21636099736646486	0.9224618503294104	0.4873638289969471	0.8522189682360892
0.18844712589669654	0.9336111267526325	0.3835763997270546	0.8803784636179319
0.17390046542030754	0.935581958443606	0.37344586535009294	0.8837576030637531
0.19373357631620627	0.9275860127259418	0.39384100960970836	0.8776751520612751
0.19404777306107843	0.9284306548792162	0.35654799437087836	0.8916422617706691
0.16625282203965214	0.9402556450250578	0.3495679316447645	0.9008785762559135
0.1364888621473092	0.9501098034799257	0.3370528210589788	0.9035818878125704
0.13257229410636748	0.9512923024945098	0.3675060655773156	0.8896147781031764
0.15999986695839857	0.941325525085872	0.42847728915218836	0.8830817751745889
0.1706809081303737	0.9386226701953939	0.3202174742376517	0.9078621311106105
0.13178353289510292	0.9515738498789347	0.3217047833528946	0.907411579184501
0.11574440091861798	0.95799313024382	0.308724021882752	0.9128182022978149
0.13541255740541025	0.9499408750492708	0.3634127279368841	0.8920928136967785
0.17151157618629562	0.9371586237963849	0.36791340379356186	0.8988510925884208
0.14712596252485938	0.9472943296356777	0.36735656681590373	0.9038071637756251
0.1543025217068894	0.9420575482853765	0.3443622680485423	0.8965983329578734
0.1445512927649519	0.9480263528351821	0.347450448199687	0.8995269204775851
0.13453992596281575	0.9519117067402444	0.3359222634938634	0.9042577157017346
0.14131191298025766	0.9493777802804212	0.34177488513587967	0.9024555079972967
0.12302836967173095	0.9568106312292359	0.3490099873889752	0.9008785762559135
0.11483301291590144	0.9568106312292359	0.2864633233503169	0.9179995494480739
0.1317495153489511	0.9511233740638549	0.34953732222258227	0.9062851993692274
0.09313736300682846	0.9653696717157497	0.3035927912752004	0.9193512052264023
0.08142465727659783	0.9702685962047413	0.36581017582849973	0.9017796801081325
0.12163656063596437	0.9562475364603863	0.31349403040383306	0.9184501013741834
0.12186409323506409	0.9555155132608818	0.3644903501389558	0.8970488848839829
0.18559299997162648	0.9362013626893406	0.4135369095925303	0.8869114665465195
0.13858669115902436	0.9498845655723859	0.34956144868965	0.9087632349628295
0.1382540181447837	0.9492088518497663	0.38166851116129075	0.8970488848839829
0.1843706783719264	0.9326538656455882	0.39655123259951924	0.8837576030637531
0.1548098135678522	0.942620643054226	0.32908193741222846	0.9085379589997747
0.1044268266207309	0.9638493158398559	0.29627761791944235	0.9159720657805812
0.08074915864643793	0.9717889520806352	0.29152187109194944	0.9184501013741834
0.08012167429722969	0.9715074046962103	0.2909891575736005	0.9231808965983329
0.06819428252167943	0.9761810912776621	0.26556822660606333	0.9281369677855373
0.1399782563826275	0.9515738498789347	0.35379092241896515	0.8988510925884208
0.14966669866053853	0.9452671884678191	0.3283637642095045	0.9024555079972967
0.12230453705460755	0.9550087279689171	0.33313557577444697	0.9107907186303221
0.17824238046120197	0.9381158849034292	0.36310613196318847	0.8972741608470376
0.10930067211686574	0.9621037220564221	0.3112251187336286	0.9139445821130885
0.07883583102044883	0.9722394278957148	0.28304610702671373	0.9236314485244425
0.07779118316703783	0.9719578805112901	0.36013649261381797	0.90831268303672
0.10613234038615496	0.9606396756574132	0.37040314194478813	0.9024555079972967
0.0959627423092477	0.9648065769469002	0.3035090755479082	0.9200270331155666
0.07177836895895216	0.9729714510952193	0.31302874984304013	0.917098445595855
0.07010854664252103	0.9730277605721043	0.30554817447417437	0.9220545167830593
0.07176725845841636	0.973534545864069	0.28141853849773446	0.9297138995269205
0.06685176487080491	0.9748859733093079	0.2998493732492192	0.9189006533002929
0.08978473245963313	0.9674531223604933	0.2930235369204401	0.9288127956747015
0.0720475879642829	0.9735908553409539	0.31382316055867715	0.9189006533002929
0.07964352584942765	0.970550143589166	0.30101562319749325	0.9263347600810994
0.10331787559947382	0.962272650487077	0.3880478241377034	0.9067357512953368
0.16233918345590737	0.9436905231150403	0.40737638022481226	0.8947961252534354
0.10229615655522792	0.9645813390393603	0.30626629843156494	0.9189006533002929
0.09676113720555128	0.9652007432850949	0.35201833030747304	0.9078621311106105
0.08925528726849653	0.9689734782363871	0.2682099517608554	0.9324172110835773
0.0650281721187058	0.9765752576158567	0.30554105915795526	0.9238567244874972
0.07817372287400128	0.9723520468494847	0.2955999392080371	0.9220545167830593
0.07321553327488473	0.9727462131876795	0.30261739646362595	0.9218292408200045
0.06135305711715613	0.9773635902922462	0.283838438041765	0.9310655553052489
0.0922437514861201	0.9681851455599978	0.4198491835102731	0.8941202973642712
0.0964363205657093	0.9648065769469002	0.31671951842767265	0.9198017571525118
0.14122067991140907	0.9514612309251647	0.4408484466993264	0.8760982203198918
0.14653243774643512	0.9474632580663326	0.3183480633838565	0.9137193061500338
0.06798417264360372	0.9764063291852019	0.2584229476295041	0.9330930389727417
0.03944058590876176	0.9872177487471141	0.27117314780985724	0.9321919351205227
0.03243988621794306	0.9879497719466186	0.2578339104711217	0.9398513178643839
0.02923094012542575	0.9898642941607072	0.2487580954632423	0.9412029736427123
0.05188346719750548	0.9813052536741934	0.32828671117775826	0.9238567244874972
0.10629749206468539	0.9627231263021566	0.3708117899660539	0.9033566118495157
0.16388154265291083	0.9444788557914297	0.33540911006750246	0.9107907186303221
0.09607165243078697	0.9661016949152542	0.28555029245963315	0.9240820004505519
0.06735122669388552	0.9758432344163522	0.28613104646231147	0.9276864158594278
0.05621200283448421	0.9784334703530604	0.2999064365360323	0.9263347600810994
0.05643858142951042	0.9795033504138747	0.31236765437175573	0.9213786888938951
0.09627248790257552	0.9668337181147587	0.46949672205514215	0.8871367425095742
0.11677891746338735	0.9571484880905456	0.3239674777040935	0.9148456859653075
0.06634929620249327	0.976237400754547	0.28648751266476913	0.9321919351205227
0.0518462549003739	0.9812489441973085	0.278271714106662	0.9326424870466321
0.0792277894611663	0.9740976406329185	0.3345072876664534	0.9164226177066906
0.08442788708874709	0.9712258573117856	0.3073765757109942	0.9261094841180446
0.052809119252237864	0.9810237062897685	0.28471262280362014	0.93016445145303
0.07218539915793053	0.9749985922630778	0.30944583809209264	0.9249831043027709
0.04903132184266749	0.9822625147812377	0.2788274512819461	0.9400765938274386
0.03392892836994957	0.9877808435159637	0.2851792738919163	0.9378238341968912
0.041982628730446094	0.9855284644405653	0.29710012172143396	0.9369227303446722
0.06041988915027453	0.9779829945379808	0.3133184068151679	0.9281369677855373
0.057621210819815416	0.9792781125063348	0.3763984000059795	0.9121423744086506
0.10484740104448877	0.9628357452559265	0.3620259705414829	0.905609371480063
0.12523227316662028	0.9578805112900501	0.35799544570977204	0.9137193061500338
0.11235038123702243	0.9611464609493778	0.42523784782065277	0.8891642261770669
0.13133595631913536	0.953769919477448	0.3406281148388354	0.9038071637756251
0.08956131202135881	0.9681288360831128	0.2914290225171484	0.9299391754899752
0.04771796090725447	0.984571203333521	0.2875144038652348	0.9317413831944131
0.05988263900272346	0.9788839461681401	0.3458009124990518	0.9177742734850192
0.09183966835047307	0.9679599076524579	0.3268611866978273	0.915296237891417
0.052729882420097775	0.9815868010586182	0.3179871122037862	0.9312908312683037
0.03827476042636786	0.9875556056084239	0.27356963650845656	0.9389502140121649
0.046926170237015424	0.9831634664113971	0.3428713209250672	0.9179995494480739
0.08408020717644653	0.9702685962047413	0.3423129551164683	0.9189006533002929
0.09845202502270822	0.9652007432850949	0.36067648559614035	0.9150709619283622
0.12330194685262659	0.9573174165212005	0.31152626289309454	0.9220545167830593
0.06271444719608446	0.9782645419224055	0.3067993887858123	0.9263347600810994
0.0430121008564548	0.9842896559490962	0.29875464242276484	0.929263347600811
0.06283170136711345	0.9780956134917507	0.2910902511095995	0.9263347600810994
0.07801400445386146	0.972014189988175	0.3638174122492723	0.9148456859653075
0.14545729276655198	0.9502224224336956	0.31620669436094917	0.9209281369677855
0.07736807751854607	0.97207049946506	0.2673718121526316	0.929263347600811
0.03441814648326157	0.987499296131539	0.2714430862992807	0.9412029736427123
0.028598213811452253	0.9893011993918577	0.2878478346650572	0.9357963505293985
0.026530125718394932	0.9914409595134861	0.323738762701409	0.9297138995269205
0.0687172347168422	0.9768004955233965	0.34619131459392766	0.9168731696328002
0.11196675424747916	0.9634551495016611	0.3343158237876106	0.9182248254111286
0.11304390633716743	0.9599076524579087	0.2790993415247242	0.9288127956747015
0.05442546283329813	0.980460611520919	0.3025899696058721	0.9303897274160847
0.05994275332611486	0.9789402556450251	0.3621837548789046	0.9116918224825411
0.148992891587601	0.9492088518497663	0.41842357762951815	0.8866861905834648
0.17609645858125092	0.9414944535165268	0.2946355830853682	0.9202523090786213
0.09557472108398393	0.9668337181147587	0.2942799157315102	0.9198017571525118
0.05767391746186903	0.9805732304746889	0.25604074755668854	0.937148006307727
0.029455505720329175	0.9905963173602117	0.2536524557723578	0.9387249380491102
0.021947757068739745	0.9923419111436454	0.24085335750707665	0.9452579409776977
0.021067432067427012	0.9935244101582297	0.2447489026793759	0.9445821130885335
0.019816340046241863	0.9930739343431499	0.2508942107778058	0.9439062851993693
0.02429757735331319	0.9911594121290613	0.28131995341562427	0.9400765938274386
0.0295165993556027	0.9899769131144772	0.29584110165184807	0.929263347600811
0.04695150253325038	0.9840644180415564	0.28786328060988453	0.9382743861230006
0.1054913010797483	0.9655386001464047	0.36567079965180443	0.9089885109258842
0.1162780203377048	0.9604144377498733	0.32267159448467037	0.9198017571525118
0.06051338230653506	0.9786587082606003	0.278261695611877	0.9394007659382744
0.042270631812421834	0.984740131764176	0.28884086777871726	0.9389502140121649
0.032691449623569	0.9886817951461231	0.2762448958721911	0.9366974543816174
0.05872783880529556	0.9800101357058393	0.3055304135253607	0.9245325523766614
0.059878402554516964	0.9782082324455206	0.29894771055478075	0.9285875197116468
0.08273718404108034	0.9718452615575202	0.3290974550397312	0.9216039648569497
0.08063684056770345	0.9712821667886705	0.32150688283372014	0.9193512052264023
0.07619245307274287	0.9722957373725998	0.29329004179829815	0.9256589321919351
0.04445046172161864	0.9849653696717158	0.2707501857915583	0.9346699707141248
0.026295906392178516	0.9908778647446366	0.2569423904522874	0.9445821130885335
0.04518915409507217	0.9839517990877865	0.31725277463496604	0.9247578283397162
0.047315735540882586	0.9830508474576272	0.29334661411887275	0.9324172110835773
0.03623132489349359	0.9871614392702291	0.3005888567673889	0.9400765938274386
0.041795406492347385	0.9854721549636803	0.3159937006774908	0.9337688668619059
0.07151599862598153	0.9751675206937328	0.3295672397794528	0.9240820004505519
0.07813444057512749	0.9729151416183344	0.32091724716494496	0.9245325523766614
0.03379129763986084	0.9893575088687426	0.29607146446985233	0.9389502140121649
0.058637252439836494	0.9788276366912552	0.356566705902328	0.9123676503717053
0.12175640764302369	0.9591193197815192	0.40258056906919054	0.8990763685514755
0.07398779639312729	0.9737034742947238	0.3098596405690252	0.9263347600810994
0.05190323370152399	0.981755729489273	0.2954489459027898	0.9348952466771795
0.05209905557456928	0.9821498958274678	0.2928292329756089	0.9294886235638657
0.05244117531069791	0.9813052536741934	0.3112982576207337	0.9326424870466321
0.04816321701019477	0.9835576327495917	0.3483552275799126	0.9173237215589096
0.05308442957478202	0.9819809673968128	0.3673437564699036	0.9175489975219644
0.12216023602620714	0.9590067008277493	0.3952607250906482	0.9035818878125704
0.11197284307431327	0.9611464609493778	0.35919131100594015	0.9031313358864609
0.088754362979807	0.9679599076524579	0.3940078751256429	0.9049335435908988
0.06121161192621161	0.9794470409369896	0.26820694601637846	0.9364721784185628
0.0377267306332084	0.987274058223999	0.2726463344410535	0.9423293534579861
0.0378181749401134	0.9867672729320345	0.2930547787272251	0.9339941428249606
0.036620148400372234	0.987274058223999	0.3103368515788663	0.9317413831944131
0.03937258584234698	0.9868798918858044	0.29362032568704494	0.935345798603289
0.047602337805465224	0.9831634664113971	0.39494107536405937	0.9076368551475558
0.05148860226952249	0.9811363252435384	0.28646236029689603	0.9369227303446722
0.04703924618430658	0.9836139422264767	0.3340534854039976	0.9272358639333184
0.06671987877791277	0.9773635902922462	0.3660251924343865	0.9204775850416761
0.08056018984702412	0.9716200236499803	0.33010580472767315	0.9227303446722235
0.1309806165414469	0.9558533701221915	0.3316265871514606	0.9168731696328002
0.07466003228067257	0.9742665690635735	0.30650651112860133	0.9337688668619059
0.031900154932237565	0.9897516752069373	0.2724898819431686	0.9414282496057671
0.0237898752223372	0.9918914353285658	0.26707292839760555	0.9439062851993693
0.02853738799799441	0.9906526268370967	0.3039733832095705	0.9328677630096869
0.03522514215198493	0.987499296131539	0.32797122927137956	0.9252083802658256
0.0294758951592146	0.9894138183456276	0.3148473102173899	0.9324172110835773
0.034367791417021426	0.9878934624697336	0.38788854224533076	0.9168731696328002
0.1945628710756082	0.9386226701953939	0.3853985257488727	0.8972741608470376
0.19471936963204495	0.9350188636747565	0.3640451240066903	0.8918675377337238
0.07987238714581903	0.9729714510952193	0.2766778436893277	0.9369227303446722
0.04203604395883672	0.9864294160707247	0.2607373769895857	0.9409776976796576
0.027240107565014014	0.9909904836984065	0.294242332703521	0.9378238341968912
0.023085032068431047	0.9923419111436454	0.31983130814444244	0.9335435908988511
0.02069732750898606	0.9931302438200349	0.27692735892382525	0.9490876323496283
0.019536915412633644	0.9936933385888845	0.2644980435913601	0.948411804460464
0.013231846026269053	0.9954952418492032	0.27641789320756466	0.9463843207929714
0.02093544648595759	0.9930739343431499	0.28421113771827244	0.9409776976796576
0.032685121004167886	0.9891885804380878	0.3750167089751723	0.9189006533002929
0.07446919524974735	0.9760684723238922	0.3677796487887181	0.9198017571525118
0.10999416734588409	0.9633988400247762	0.3526558641929244	0.9067357512953368
0.0915598971728833	0.9688045498057323	0.3323019684757513	0.9173237215589096
0.07054654353285293	0.9758995438932372	0.3211935311186606	0.9276864158594278
0.08388596687981309	0.9703812151585112	0.33932983814850937	0.9130434782608695
0.0711412134767166	0.974773354355538	0.26838684570120647	0.9384996620860554
0.03198642302976817	0.9889070330536629	0.2780348491271919	0.936246902455508
0.04707129808792331	0.9842333464722113	0.3132597836530485	0.9324172110835773
0.09372188353897302	0.9700996677740864	0.4938412674994962	0.8806037395809867
0.12123320446431962	0.95799313024382	0.29065294914899253	0.9315161072313584
0.04072191246729477	0.9875556056084239	0.25352105797747015	0.9423293534579861
0.0304977806447385	0.9895827467762824	0.26321557541504775	0.9407524217166029
0.025737711176040425	0.9910467931752914	0.27988674086972815	0.9389502140121649
0.04809784879005434	0.9839517990877865	0.34568514562614544	0.9202523090786213
0.06222529259405296	0.9774198997691311	0.32563227562115893	0.9261094841180446
0.033902023935341155	0.9883439382848134	0.28009978156284215	0.9389502140121649
0.044253430251176645	0.9853032265330255	0.3040725733479768	0.9344446947510701
0.0911652522228834	0.9694802635283518	0.3441642082591507	0.9139445821130885
0.08411126117665621	0.9708880004504759	0.3481362337369483	0.9157467898175264
0.09566598102824599	0.9689734782363871	0.32341383585228417	0.9245325523766614
0.08090777612487987	0.9717889520806352	0.3035039729391516	0.9243072764136067
0.0692612089112244	0.9765752576158567	0.29144166188079995	0.9236314485244425
0.06648978034563094	0.976293710231432	0.3114639798862812	0.9306150033791395
0.05193915131773871	0.9829945379807422	0.2726761595129725	0.9373732822707818
0.03711056669013874	0.9871614392702291	0.2841928845880321	0.9364721784185628
0.05179763655014367	0.9824877526887775	0.3624779727241966	0.9179995494480739
0.11364062570630783	0.9609212230418379	0.30364488417043106	0.9263347600810994
0.0663569896890509	0.977757756630441	0.3233213980513721	0.9288127956747015
0.04880542584945439	0.9831071569345121	0.2875220264889523	0.9326424870466321
0.0473972612285951	0.9841770369953263	0.2975174780732797	0.9351205226402343
0.06639649054954648	0.9772509713384763	0.32024241393416497	0.9216039648569497
0.05209610272653905	0.9816994200123881	0.3389012390199237	0.9186753773372381
0.09848488902041615	0.967790979221803	0.301085974056862	0.926560036044154
0.05207924038884774	0.9815868010586182	0.2772615330730588	0.9337688668619059
0.04363616125084331	0.984571203333521	0.2891771643816767	0.9355710745663438
0.06546333671879799	0.9778140661073259	0.26333857116720166	0.9384996620860554
0.06765297207096332	0.9761810912776621	0.3188308262561833	0.9258842081549898
0.05274855915996746	0.9822062053043528	0.2844857873076602	0.9400765938274386
0.04799746786948461	0.9826566811194324	0.36320316840544775	0.9166478936697454
0.04718684189728929	0.9840081085646715	0.2758597303924595	0.9382743861230006
0.04254819479885755	0.9860915592094149	0.30901912831258443	0.9315161072313584
0.036754105946346864	0.9877245340390788	0.3065032038663953	0.9319666591574679
0.059060189413585686	0.9796159693676446	0.3030491042248594	0.9335435908988511
0.05163454114857964	0.9826003716425474	0.33694580770016896	0.9321919351205227
0.04851036000409684	0.9836702517033616	0.31248480901642406	0.9299391754899752
0.04239277257106548	0.9855847739174503	0.294404892354539	0.9423293534579861
0.030635071319267654	0.9896953657300523	0.28977868435591775	0.9387249380491102
0.030009568127645075	0.9899206036375922	0.2959072494606199	0.9394007659382744
0.07112540072089743	0.9756743059856974	0.38312537791251494	0.916197341743636
0.08693832528403875	0.9696491919590067	0.37371250112251697	0.9191259292633476
0.11270195965250976	0.962216341010192	0.39811985571659964	0.8970488848839829
0.12616834849340702	0.9548397995382623	0.29322079653191013	0.9279116918224826
0.06934997125360046	0.976237400754547	0.2978415927805861	0.9285875197116468
0.030033962989576404	0.9903710794526719	0.2744706787788323	0.9407524217166029
0.02218964269962761	0.9925671490511853	0.32202139136610763	0.929263347600811
0.039564925843310776	0.9861478686862999	0.28359973003303557	0.9461590448299166
0.027378218708195606	0.991609887944141	0.2825676960118264	0.9409776976796576
0.01965328456602793	0.9934117912044597	0.2674277581007638	0.9470601486821356
0.035070916745914275	0.9877245340390788	0.3260068684198696	0.9258842081549898
0.02539938506943258	0.9911594121290613	0.2923186830127258	0.9418788015318765
0.023276105012216677	0.9920603637592207	0.2734230386966466	0.9450326650146429
0.03455058901724236	0.987330367700884	0.31821464942392663	0.9333183149357963
0.18232539850779836	0.9443099273607748	0.42947740746419905	0.8776751520612751
0.12074699890667928	0.9586688439664396	0.30518405600344983	0.9222797927461139
0.05271824791098616	0.9831634664113971	0.26177881454986396	0.9391754899752196
0.029440939368735604	0.9903710794526719	0.23565408770405352	0.9461590448299166
0.018289442742453702	0.9947632186496987	0.25998917951807293	0.9454832169407524
0.016927163125181985	0.9949884565572386	0.28255415482748253	0.9434557332732597
0.03502345026975058	0.988738104623008	0.29815193412875396	0.9339941428249606
0.045096271948722025	0.9844585843797511	0.287916967476185	0.9391754899752196
0.044682984574777575	0.9848527507179459	0.2606181083740106	0.9403018697904933
0.02929332373565506	0.9899206036375922	0.2890025716284208	0.9389502140121649
0.044179671922324915	0.9836702517033616	0.32883288212310197	0.9222797927461139
0.14447690214154366	0.9536573005236781	0.3848212566105034	0.8972741608470376
0.1023790715087661	0.9635114589785461	0.2716147133320617	0.9252083802658256
0.05440279738741037	0.9810237062897685	0.3235478422500228	0.9231808965983329
0.05600056465122782	0.980516920997804	0.26630476526336966	0.9366974543816174
0.04018501742723604	0.9857537023481052	0.28500913126521293	0.935345798603289
0.04473432391215716	0.9856973928712203	0.2799932638094699	0.938049110159946
0.02827503780223267	0.9913283405597162	0.2693788817126785	0.9434557332732597
0.0359587197559791	0.9877808435159637	0.299205748595534	0.9324172110835773
0.031741229541949224	0.9891885804380878	0.31034708737749644	0.9335435908988511
0.04746216564411495	0.9840081085646715	0.33520129869168985	0.9254336562288804
0.11443053492706191	0.9606959851342981	0.4024360376949594	0.8999774724036945
0.07258943220888604	0.9754490680781576	0.29470298089981617	0.9279116918224826
0.0333160563083171	0.988738104623008	0.2983288848506193	0.9330930389727417
0.05043060949278969	0.9830508474576272	0.31756635003864403	0.9312908312683037
0.03821434851817011	0.9866546539782646	0.2743524405924848	0.9382743861230006
0.027310672311719672	0.9912720310828312	0.3099463551692743	0.9308402793421942
0.046262631801868105	0.9843459654259812	0.34455432759450616	0.9258842081549898
0.06122090905993712	0.9797285883214145	0.4142037680098591	0.905609371480063
0.09378203937358111	0.9682414550368827	0.2952379161178542	0.9333183149357963
0.03569646722600565	0.9884002477616983	0.28698069843778096	0.9382743861230006
0.03213526999620987	0.9893575088687426	0.28888078476024337	0.9403018697904933
0.021225402874678997	0.9936370291119996	0.2704735572010742	0.9416535255688218
0.03147520348169566	0.9899769131144772	0.29458182022280993	0.9389502140121649
0.035551639501676884	0.9876119150853089	0.33894986358344703	0.9357963505293985
0.03159757329419434	0.988794414099893	0.3205781305331748	0.9326424870466321
0.05396031541621352	0.9810800157666535	0.32577837926427317	0.9279116918224826
0.09769780134447718	0.9670589560222985	0.3320956522345838	0.927461139896373
0.09776028475091025	0.9673405034067234	0.30546603239879705	0.926560036044154
0.04764773302378905	0.9831071569345121	0.2963486533325839	0.9315161072313584
0.044706991778603676	0.9840081085646715	0.28186829846354855	0.9344446947510701
0.058692663473153314	0.980516920997804	0.35956910071971315	0.9175489975219644
0.07442773972215319	0.9753364491243877	0.3551038907613	0.9159720657805812
0.08222296881735462	0.9723520468494847	0.3178632676460421	0.9175489975219644
0.07759980444850766	0.9740413311560335	0.2848586449049217	0.9297138995269205
0.03708970354427034	0.9880060814235035	0.2900703308160146	0.935345798603289
0.029037618792555366	0.9897516752069373	0.2851393276015282	0.9357963505293985
0.05012678682145013	0.9833323948420519	0.3305391637718766	0.9252083802658256
0.04428776186390653	0.9852469170561405	0.27058241712225267	0.9409776976796576
0.02863879043925026	0.9904836984064418	0.3633675089382486	0.9195764811894571
0.03344404690065804	0.988738104623008	0.27321293826547927	0.9430051813471503
0.026407328120526298	0.9920603637592207	0.3011268080992859	0.9378238341968912
0.09175305674264235	0.9711132383580157	0.5663107314821997	0.8639333183149358
0.11865412292129265	0.9605833661805282	0.3327860792200424	0.9182248254111286
0.06561644623250405	0.9770257334309365	0.2697271073413717	0.9373732822707818
0.023034746144383306	0.9925108395743003	0.25705628855039364	0.9443568371254787
0.019735564095699657	0.9935244101582297	0.28112954079540875	0.9378238341968912
0.017795906180392226	0.9940311954501942	0.25599807582075573	0.951115116017121
0.012183988843656696	0.9959457176642829	0.26593066542488036	0.9470601486821356
0.015626813726983928	0.9952136944647785	0.2643613643939228	0.949312908312683
0.023601973004592162	0.9917788163747959	0.2681445559286593	0.948411804460464
0.016566883580095983	0.9949321470803536	0.30113750467914857	0.9364721784185628
0.06882996482686407	0.9773635902922462	0.4363285065717755	0.9002027483667493
0.14024081692629028	0.952474801509094	0.3511238086798299	0.9080874070736652
0.12228900045399811	0.9585562250126697	0.33143685399935463	0.9155215138544718
0.06955031021146518	0.9770820429078214	0.2800893019410666	0.9317413831944131
0.035092651312469636	0.9882876288079284	0.26323499374962733	0.9398513178643839
0.02157499734013375	0.9922292921898755	0.2703760469327722	0.9414282496057671
0.02522565575088005	0.9924545300974154	0.2696637846672151	0.943230457310205
0.02284792148258978	0.9920040542823357	0.299459951770926	0.9360216264924532
0.026016200646672913	0.9913283405597162	0.3334171370218992	0.926560036044154
0.033353094889009526	0.9885128667154682	0.39096380397257813	0.9211534129308403
0.0466520937879795	0.9842896559490962	0.287557389472191	0.9389502140121649
0.031938840905565744	0.9886254856692381	0.3385765552923577	0.9281369677855373
0.054455029534588084	0.9822062053043528	0.33679608880171075	0.9240820004505519
0.057960227132682646	0.9805732304746889	0.2898486972117	0.9339941428249606
0.050559327620911185	0.9831071569345121	0.30393217776602627	0.9366974543816174
0.03672491485019398	0.9880060814235035	0.31898568831442925	0.9317413831944131
0.04228757163207134	0.9857537023481052	0.25399432991788473	0.9430051813471503
0.07132772474749359	0.9758995438932372	0.46258747490388524	0.8950214012164902
0.10406756208032442	0.9644124106087054	0.35220215189803367	0.9096643388150484
0.07542014320639684	0.9745481164479982	0.3390974835195797	0.9211534129308403
0.049411340024937106	0.9833887043189369	0.2668588506655801	0.9348952466771795
0.03887728114452819	0.9867109634551495	0.26866891824412276	0.9384996620860554
0.048353032206094805	0.983276085365167	0.28126955335809994	0.9373732822707818
0.04548423224087301	0.9837265611802466	0.30063009615563735	0.9339941428249606
0.034113283969264316	0.9882313193310435	0.2971201193617335	0.9337688668619059
0.07182496097833514	0.9773072808153612	0.38135758247776164	0.9067357512953368
0.07906143301632754	0.9729714510952193	0.3084516494116769	0.9263347600810994
0.054709027740888094	0.9810237062897685	0.3439609629529423	0.9204775850416761
0.03769549202471611	0.987330367700884	0.27519239630616443	0.9430051813471503
0.025631162862014587	0.9909904836984065	0.3138413869883461	0.9315161072313584
0.04336875779696366	0.9855847739174503	0.28636748087073155	0.9403018697904933
0.03443056752525463	0.9876682245621938	0.3145730076716488	0.9285875197116468
0.04644039749154801	0.9854721549636803	0.2722193818689601	0.9421040774949313
0.02496823650264091	0.991722506897911	0.2844546386071169	0.9407524217166029
0.01687211764892894	0.9945379807421589	0.31426664644075586	0.9369227303446722
0.035439927754161715	0.9884565572385833	0.30828430798843814	0.935345798603289
0.19736132102578105	0.9358071963511458	0.36182185768490305	0.8977247127731471
0.09617691425821306	0.9675657413142632	0.3199747964038213	0.9189006533002929
0.06316338093145096	0.9786023987837152	0.26135272631897105	0.9299391754899752
0.05262730088240375	0.9831071569345121	0.2786726485295832	0.9351205226402343
0.02345837781943007	0.9922856016667605	0.28768938418295664	0.9339941428249606
0.015201718503237694	0.9951010755110085	0.2670581076100324	0.943230457310205
0.0075382186847373035	0.9978602398783716	0.27535816583984685	0.9468348727190808
0.0058657676797523595	0.9986485725547609	0.2745552148085023	0.9448073890515882
0.01078934782312672	0.9965651219100174	0.30763300877684646	0.935345798603289
0.027886416491835736	0.9903710794526719	0.29556737968072505	0.9427799053840955
0.05992489840554872	0.9800664451827242	0.39387215103590695	0.9112412705564317
0.12704326121869794	0.9584436060588997	0.3615152695125813	0.9110159945933769
0.08412162887373112	0.9722394278957148	0.3424511137920931	0.9177742734850192
0.0633445909661411	0.9793907314601047	0.31370830343204137	0.9276864158594278
0.023013858636765135	0.9925671490511853	0.27547969782062415	0.9403018697904933
0.014689804302901156	0.9960020271411678	0.2909359174802997	0.9439062851993693
0.008926066941747331	0.9975786924939467	0.2679549586997158	0.9459337688668619
0.013773041954567685	0.995720479756743	0.30118433965315927	0.9387249380491102
0.05203695925105443	0.9829382285038571	0.3545723414200871	0.9229556206352783
0.03805179157539186	0.9870488203164592	0.29147454335912976	0.9342194187880153
0.03619181734456118	0.987274058223999	0.2779916076106675	0.9443568371254787
0.04331766047643826	0.9855847739174503	0.44733807442558327	0.8923180896598333
0.1263564229831733	0.9577678923362802	0.3247053053705884	0.9272358639333184
0.03739606640157691	0.987330367700884	0.2996902198680324	0.9294886235638657
0.027736785991267447	0.9905963173602117	0.28678937494002854	0.9387249380491102
0.01953757278330876	0.9935807196351146	0.26481913554155495	0.9414282496057671
0.04493630006095466	0.9840644180415564	0.3156296082225354	0.9276864158594278
0.08563898734694243	0.9725772847570247	0.32070131404197383	0.9263347600810994
0.051816878143788804	0.981812038966158	0.3234955126247204	0.9272358639333184
0.0370165835886655	0.9876119150853089	0.3093319133907644	0.9317413831944131
0.045128114382846043	0.9842333464722113	0.3313034036509167	0.9285875197116468
0.06007863684386993	0.980516920997804	0.30113165653901314	0.9299391754899752
0.050834527849107254	0.9820935863505827	0.38321537952295265	0.9141698580761433
0.052915709894216574	0.9829382285038571	0.29664214716405585	0.9337688668619059
0.06464384330389494	0.9791654935525649	0.34790905477576867	0.9166478936697454
0.08052076407759044	0.9716200236499803	0.358224019169888	0.9085379589997747
0.05935028921895632	0.9800664451827242	0.3291514727661915	0.9321919351205227
0.09519053253173339	0.9680725266062278	0.3034761773657761	0.9303897274160847
0.044970228851682274	0.9856973928712203	0.32044923817098986	0.928362243748592
0.049466851214316654	0.9824877526887775	0.324580108194261	0.9306150033791395
0.04226649236776242	0.9858663213018751	0.301736853894255	0.9342194187880153
0.05234297686064792	0.9815868010586182	0.3323055511996348	0.9270105879702636
0.06604787395506959	0.9773635902922462	0.3397048077260516	0.9222797927461139
0.07249347384318645	0.9752238301706178	0.31266698598405157	0.9258842081549898
0.04859695822215307	0.9829945379807422	0.31402719514975275	0.9299391754899752
0.036800178255061655	0.9876682245621938	0.2903949170633328	0.9412029736427123
0.031011842134057235	0.9899769131144772	0.2791963982659972	0.9373732822707818
0.05880069228234146	0.980516920997804	0.41206951315512014	0.9085379589997747
0.08825355126100373	0.969311335097697	0.3346032015064542	0.9209281369677855
0.03454153758947615	0.988850723576778	0.29783287353345367	0.9373732822707818
0.036053617225016044	0.9881187003772735	0.3602526176147671	0.9159720657805812
0.05207764818715656	0.9818683484430429	0.3283152623430623	0.9290380716377562
0.04253149206994843	0.9851906075792556	0.31956466055246696	0.9328677630096869
0.08941128425326553	0.970775381496706	0.3439406469064834	0.9130434782608695
0.06673405444915213	0.9770820429078214	0.39641037653174105	0.9049335435908988
0.058246583337215656	0.9802353736133791	0.3101488691604629	0.9303897274160847
0.07658657075498372	0.9755053775550425	0.31701205658413156	0.9303897274160847
0.04400952794322748	0.9855284644405653	0.31968584270003575	0.9272358639333184
0.028006486714979576	0.9908778647446366	0.2770318176012422	0.9400765938274386
0.01748885078676302	0.994481671265274	0.2724638380669183	0.9448073890515882
0.010948198945487302	0.9966777408637874	0.2744612689019861	0.9450326650146429
0.010120741597054925	0.9967903598175573	0.2673946121612307	0.9452579409776977
0.11145795376749952	0.9646939579931303	0.37794196227698423	0.9040324397386799
0.07710736652057855	0.9725772847570247	0.39148931697054634	0.9033566118495157
0.05933622856372125	0.9795033504138747	0.32570185228816345	0.9238567244874972
0.03598579544465152	0.987274058223999	0.31487663166094376	0.9317413831944131
0.06210096972820975	0.9796722788445296	0.3385110925207484	0.9207028610047308
0.055630729485537475	0.9800664451827242	0.31662067000219807	0.9333183149357963
0.03589804944952998	0.987330367700884	0.31732348998029586	0.9285875197116468
0.047624858430404204	0.9834450137958218	0.29349082473377625	0.9344446947510701
0.042155140648923804	0.9853595360099104	0.30665325952304	0.9261094841180446
0.06298633021945936	0.9799538262289543	0.35418753662633584	0.9141698580761433
0.06478004315814004	0.9780956134917507	0.2907070244156205	0.9306150033791395
0.034813500734177105	0.987274058223999	0.29439430758205987	0.9357963505293985
0.03908159633270557	0.9866546539782646	0.3299464951511653	0.9263347600810994
0.04978127458286826	0.9835013232727068	0.34011207409177874	0.9207028610047308
0.04287641930202303	0.9849090601948308	0.29302819749610226	0.9326424870466321
0.041457301461025026	0.9861478686862999	0.3422500427227403	0.9229556206352783
0.04235651986751613	0.9850779886254857	0.32618151358399045	0.9299391754899752
0.04037417689254104	0.9867109634551495	0.3707091057319366	0.9209281369677855
0.05323059175057994	0.9808547778591137	0.3393485373165941	0.9204775850416761
0.10107799699022679	0.9657075285770595	0.3714934477910289	0.9119170984455959
0.10171848080296715	0.9660453854383693	0.29434124226101777	0.9330930389727417
0.05600949587010204	0.9819809673968128	0.3306746878825912	0.9204775850416761
0.050939622167897484	0.9824877526887775	0.30943529543830456	0.9324172110835773
0.02334891817603749	0.9919477448054508	0.30636603331667905	0.935345798603289
0.011099153550845066	0.9969592882482122	0.289627204643066	0.9423293534579861
0.012097618428182529	0.9958894081873979	0.3405060069494941	0.9330930389727417
